{
  "@context": {
    "dcterms": "http://purl.org/dc/terms/",
    "ns6": "http://publications.europa.eu/ontology/authority/",
    "owl": "http://www.w3.org/2002/07/owl#",
    "rdf": "http://www.w3.org/1999/02/22-rdf-syntax-ns#",
    "rdfs": "http://www.w3.org/2000/01/rdf-schema#",
    "skos": "http://www.w3.org/2004/02/skos/core#",
    "skosxl": "http://www.w3.org/2008/05/skos-xl#",
    "xsd": "http://www.w3.org/2001/XMLSchema#"
  },
  "@graph": [
    {
      "@id": "http://publications.europa.eu/resource/authority/file-type/GRID",
      "skos:inScheme": {
        "@id": "http://publications.europa.eu/resource/authority/file-type"
      },
      "skos:topConceptOf": {
        "@id": "http://publications.europa.eu/resource/authority/file-type"
      }
    },
    {
      "@id": "http://publications.europa.eu/resource/authority/file-type/GRID_ASCII",
      "skos:inScheme": {
        "@id": "http://publications.europa.eu/resource/authority/file-type"
      },
      "skos:topConceptOf": {
        "@id": "http://publications.europa.eu/resource/authority/file-type"
      }
    },
    {
      "@id": "http://publications.europa.eu/resource/authority/file-type/OVF",
      "skos:inScheme": {
        "@id": "http://publications.europa.eu/resource/authority/file-type"
      },
      "skos:topConceptOf": {
        "@id": "http://publications.europa.eu/resource/authority/file-type"
      }
    },
    {
      "@id": "http://publications.europa.eu/resource/authority/file-type/DBF",
      "skos:inScheme": {
        "@id": "http://publications.europa.eu/resource/authority/file-type"
      },
      "skos:topConceptOf": {
        "@id": "http://publications.europa.eu/resource/authority/file-type"
      }
    },
    {
      "@id": "http://publications.europa.eu/resource/authority/file-type/PDFA1B",
      "skos:inScheme": {
        "@id": "http://publications.europa.eu/resource/authority/file-type"
      },
      "skos:topConceptOf": {
        "@id": "http://publications.europa.eu/resource/authority/file-type"
      }
    },
    {
      "@id": "http://publications.europa.eu/resource/authority/file-type/PDFA1A",
      "skos:inScheme": {
        "@id": "http://publications.europa.eu/resource/authority/file-type"
      },
      "skos:topConceptOf": {
        "@id": "http://publications.europa.eu/resource/authority/file-type"
      }
    },
    {
      "@id": "http://publications.europa.eu/resource/authority/file-type/XML",
      "skos:inScheme": {
        "@id": "http://publications.europa.eu/resource/authority/file-type"
      },
      "skos:topConceptOf": {
        "@id": "http://publications.europa.eu/resource/authority/file-type"
      }
    },
    {
      "@id": "http://publications.europa.eu/resource/authority/file-type/ZIP",
      "skos:inScheme": {
        "@id": "http://publications.europa.eu/resource/authority/file-type"
      },
      "skos:topConceptOf": {
        "@id": "http://publications.europa.eu/resource/authority/file-type"
      }
    },
    {
      "@id": "http://publications.europa.eu/resource/authority/file-type/XLIFF",
      "skos:inScheme": {
        "@id": "http://publications.europa.eu/resource/authority/file-type"
      },
      "skos:topConceptOf": {
        "@id": "http://publications.europa.eu/resource/authority/file-type"
      }
    },
    {
      "@id": "http://publications.europa.eu/resource/authority/file-type/WORLD",
      "skos:inScheme": {
        "@id": "http://publications.europa.eu/resource/authority/file-type"
      },
      "skos:topConceptOf": {
        "@id": "http://publications.europa.eu/resource/authority/file-type"
      }
    },
    {
      "@id": "http://publications.europa.eu/resource/authority/file-type/GZIP",
      "skos:inScheme": {
        "@id": "http://publications.europa.eu/resource/authority/file-type"
      },
      "skos:topConceptOf": {
        "@id": "http://publications.europa.eu/resource/authority/file-type"
      }
    },
    {
      "@id": "http://publications.europa.eu/resource/authority/file-type/BIN",
      "skos:inScheme": {
        "@id": "http://publications.europa.eu/resource/authority/file-type"
      },
      "skos:topConceptOf": {
        "@id": "http://publications.europa.eu/resource/authority/file-type"
      }
    },
    {
      "@id": "http://publications.europa.eu/resource/authority/file-type/SPARQLQ",
      "skos:inScheme": {
        "@id": "http://publications.europa.eu/resource/authority/file-type"
      },
      "skos:topConceptOf": {
        "@id": "http://publications.europa.eu/resource/authority/file-type"
      }
    },
    {
      "@id": "http://publications.europa.eu/resource/authority/file-type/PDFA2B",
      "skos:inScheme": {
        "@id": "http://publications.europa.eu/resource/authority/file-type"
      },
      "skos:topConceptOf": {
        "@id": "http://publications.europa.eu/resource/authority/file-type"
      }
    },
    {
      "@id": "http://publications.europa.eu/resource/authority/file-type/PDFA2A",
      "skos:inScheme": {
        "@id": "http://publications.europa.eu/resource/authority/file-type"
      },
      "skos:topConceptOf": {
        "@id": "http://publications.europa.eu/resource/authority/file-type"
      }
    },
    {
      "@id": "http://publications.europa.eu/resource/authority/file-type/GIF",
      "skos:inScheme": {
        "@id": "http://publications.europa.eu/resource/authority/file-type"
      },
      "skos:topConceptOf": {
        "@id": "http://publications.europa.eu/resource/authority/file-type"
      }
    },
    {
      "@id": "http://publications.europa.eu/resource/authority/file-type/XSLT",
      "skos:inScheme": {
        "@id": "http://publications.europa.eu/resource/authority/file-type"
      },
      "skos:topConceptOf": {
        "@id": "http://publications.europa.eu/resource/authority/file-type"
      }
    },
    {
      "@id": "http://publications.europa.eu/resource/authority/file-type/PDFA3",
      "skos:inScheme": {
        "@id": "http://publications.europa.eu/resource/authority/file-type"
      },
      "skos:topConceptOf": {
        "@id": "http://publications.europa.eu/resource/authority/file-type"
      }
    },
    {
      "@id": "http://publications.europa.eu/resource/authority/file-type/FMX3",
      "skos:inScheme": {
        "@id": "http://publications.europa.eu/resource/authority/file-type"
      },
      "skos:topConceptOf": {
        "@id": "http://publications.europa.eu/resource/authority/file-type"
      }
    },
    {
      "@id": "http://publications.europa.eu/resource/authority/file-type/MDB",
      "skos:inScheme": {
        "@id": "http://publications.europa.eu/resource/authority/file-type"
      },
      "skos:topConceptOf": {
        "@id": "http://publications.europa.eu/resource/authority/file-type"
      }
    },
    {
      "@id": "http://publications.europa.eu/resource/authority/file-type/TXT",
      "skos:inScheme": {
        "@id": "http://publications.europa.eu/resource/authority/file-type"
      },
      "skos:topConceptOf": {
        "@id": "http://publications.europa.eu/resource/authority/file-type"
      }
    },
    {
      "@id": "http://publications.europa.eu/resource/authority/file-type/DCR",
      "skos:inScheme": {
        "@id": "http://publications.europa.eu/resource/authority/file-type"
      },
      "skos:topConceptOf": {
        "@id": "http://publications.europa.eu/resource/authority/file-type"
      }
    },
    {
      "@id": "http://publications.europa.eu/resource/authority/file-type/XLSX",
      "skos:inScheme": {
        "@id": "http://publications.europa.eu/resource/authority/file-type"
      },
      "skos:topConceptOf": {
        "@id": "http://publications.europa.eu/resource/authority/file-type"
      }
    },
    {
      "@id": "http://publications.europa.eu/resource/authority/file-type/RTF",
      "skos:inScheme": {
        "@id": "http://publications.europa.eu/resource/authority/file-type"
      },
      "skos:topConceptOf": {
        "@id": "http://publications.europa.eu/resource/authority/file-type"
      }
    },
    {
      "@id": "http://publications.europa.eu/resource/authority/file-type/BWF",
      "skos:inScheme": {
        "@id": "http://publications.europa.eu/resource/authority/file-type"
      },
      "skos:topConceptOf": {
        "@id": "http://publications.europa.eu/resource/authority/file-type"
      }
    },
    {
      "@id": "http://publications.europa.eu/resource/authority/file-type/SVG",
      "skos:inScheme": {
        "@id": "http://publications.europa.eu/resource/authority/file-type"
      },
      "skos:topConceptOf": {
        "@id": "http://publications.europa.eu/resource/authority/file-type"
      }
    },
    {
      "@id": "http://publications.europa.eu/resource/authority/file-type/GEOJSON",
      "skos:inScheme": {
        "@id": "http://publications.europa.eu/resource/authority/file-type"
      },
      "skos:topConceptOf": {
        "@id": "http://publications.europa.eu/resource/authority/file-type"
      }
    },
    {
      "@id": "http://publications.europa.eu/resource/authority/file-type/MBOX",
      "skos:inScheme": {
        "@id": "http://publications.europa.eu/resource/authority/file-type"
      },
      "skos:topConceptOf": {
        "@id": "http://publications.europa.eu/resource/authority/file-type"
      }
    },
    {
      "@id": "http://publications.europa.eu/resource/authority/file-type/MAP_SRVC",
      "skos:inScheme": {
        "@id": "http://publications.europa.eu/resource/authority/file-type"
      },
      "skos:topConceptOf": {
        "@id": "http://publications.europa.eu/resource/authority/file-type"
      }
    },
    {
      "@id": "http://publications.europa.eu/resource/authority/file-type/XHTML",
      "skos:inScheme": {
        "@id": "http://publications.europa.eu/resource/authority/file-type"
      },
      "skos:topConceptOf": {
        "@id": "http://publications.europa.eu/resource/authority/file-type"
      }
    },
    {
      "@id": "http://publications.europa.eu/resource/authority/file-type/ODT",
      "skos:inScheme": {
        "@id": "http://publications.europa.eu/resource/authority/file-type"
      },
      "skos:topConceptOf": {
        "@id": "http://publications.europa.eu/resource/authority/file-type"
      }
    },
    {
      "@id": "http://publications.europa.eu/resource/authority/file-type/MSG_HTTP",
      "skos:inScheme": {
        "@id": "http://publications.europa.eu/resource/authority/file-type"
      },
      "skos:topConceptOf": {
        "@id": "http://publications.europa.eu/resource/authority/file-type"
      }
    },
    {
      "@id": "http://publications.europa.eu/resource/authority/file-type/OWL",
      "skos:inScheme": {
        "@id": "http://publications.europa.eu/resource/authority/file-type"
      },
      "skos:topConceptOf": {
        "@id": "http://publications.europa.eu/resource/authority/file-type"
      }
    },
    {
      "@id": "http://publications.europa.eu/resource/authority/file-type/TAB_RSTR",
      "skos:inScheme": {
        "@id": "http://publications.europa.eu/resource/authority/file-type"
      },
      "skos:topConceptOf": {
        "@id": "http://publications.europa.eu/resource/authority/file-type"
      }
    },
    {
      "@id": "http://publications.europa.eu/resource/authority/file-type/PWP",
      "skos:inScheme": {
        "@id": "http://publications.europa.eu/resource/authority/file-type"
      },
      "skos:topConceptOf": {
        "@id": "http://publications.europa.eu/resource/authority/file-type"
      }
    },
    {
      "@id": "http://publications.europa.eu/resource/authority/file-type/WARC",
      "skos:inScheme": {
        "@id": "http://publications.europa.eu/resource/authority/file-type"
      },
      "skos:topConceptOf": {
        "@id": "http://publications.europa.eu/resource/authority/file-type"
      }
    },
    {
      "@id": "http://publications.europa.eu/resource/authority/file-type/SKOS_XML",
      "skos:inScheme": {
        "@id": "http://publications.europa.eu/resource/authority/file-type"
      },
      "skos:topConceptOf": {
        "@id": "http://publications.europa.eu/resource/authority/file-type"
      }
    },
    {
      "@id": "http://publications.europa.eu/resource/authority/file-type/SQL",
      "skos:inScheme": {
        "@id": "http://publications.europa.eu/resource/authority/file-type"
      },
      "skos:topConceptOf": {
        "@id": "http://publications.europa.eu/resource/authority/file-type"
      }
    },
    {
      "@id": "http://publications.europa.eu/resource/authority/file-type/LAZ",
      "skos:inScheme": {
        "@id": "http://publications.europa.eu/resource/authority/file-type"
      },
      "skos:topConceptOf": {
        "@id": "http://publications.europa.eu/resource/authority/file-type"
      }
    },
    {
      "@id": "http://publications.europa.eu/resource/authority/file-type/DTD_XML",
      "skos:inScheme": {
        "@id": "http://publications.europa.eu/resource/authority/file-type"
      },
      "skos:topConceptOf": {
        "@id": "http://publications.europa.eu/resource/authority/file-type"
      }
    },
    {
      "@id": "http://publications.europa.eu/resource/authority/file-type/JPEG2000",
      "skos:inScheme": {
        "@id": "http://publications.europa.eu/resource/authority/file-type"
      },
      "skos:topConceptOf": {
        "@id": "http://publications.europa.eu/resource/authority/file-type"
      }
    },
    {
      "@id": "http://publications.europa.eu/resource/authority/file-type/WMS_SRVC",
      "skos:inScheme": {
        "@id": "http://publications.europa.eu/resource/authority/file-type"
      },
      "skos:topConceptOf": {
        "@id": "http://publications.europa.eu/resource/authority/file-type"
      }
    },
    {
      "@id": "http://publications.europa.eu/resource/authority/file-type/LAS",
      "skos:inScheme": {
        "@id": "http://publications.europa.eu/resource/authority/file-type"
      },
      "skos:topConceptOf": {
        "@id": "http://publications.europa.eu/resource/authority/file-type"
      }
    },
    {
      "@id": "http://publications.europa.eu/resource/authority/file-type/E00",
      "skos:inScheme": {
        "@id": "http://publications.europa.eu/resource/authority/file-type"
      },
      "skos:topConceptOf": {
        "@id": "http://publications.europa.eu/resource/authority/file-type"
      }
    },
    {
      "@id": "http://publications.europa.eu/resource/authority/file-type/HTML_SIMPL",
      "skos:inScheme": {
        "@id": "http://publications.europa.eu/resource/authority/file-type"
      },
      "skos:topConceptOf": {
        "@id": "http://publications.europa.eu/resource/authority/file-type"
      }
    },
    {
      "@id": "http://publications.europa.eu/resource/authority/file-type/ECW",
      "skos:inScheme": {
        "@id": "http://publications.europa.eu/resource/authority/file-type"
      },
      "skos:topConceptOf": {
        "@id": "http://publications.europa.eu/resource/authority/file-type"
      }
    },
    {
      "@id": "http://publications.europa.eu/resource/authority/file-type/DMP",
      "skos:inScheme": {
        "@id": "http://publications.europa.eu/resource/authority/file-type"
      },
      "skos:topConceptOf": {
        "@id": "http://publications.europa.eu/resource/authority/file-type"
      }
    },
    {
      "@id": "http://publications.europa.eu/resource/authority/file-type/CSV",
      "skos:inScheme": {
        "@id": "http://publications.europa.eu/resource/authority/file-type"
      },
      "skos:topConceptOf": {
        "@id": "http://publications.europa.eu/resource/authority/file-type"
      }
    },
    {
      "@id": "http://publications.europa.eu/resource/authority/file-type/MPEG2",
      "skos:inScheme": {
        "@id": "http://publications.europa.eu/resource/authority/file-type"
      },
      "skos:topConceptOf": {
        "@id": "http://publications.europa.eu/resource/authority/file-type"
      }
    },
    {
      "@id": "http://publications.europa.eu/resource/authority/file-type/MPEG4",
      "skos:inScheme": {
        "@id": "http://publications.europa.eu/resource/authority/file-type"
      },
      "skos:topConceptOf": {
        "@id": "http://publications.europa.eu/resource/authority/file-type"
      }
    },
    {
      "@id": "http://publications.europa.eu/resource/authority/file-type/CSS",
      "skos:inScheme": {
        "@id": "http://publications.europa.eu/resource/authority/file-type"
      },
      "skos:topConceptOf": {
        "@id": "http://publications.europa.eu/resource/authority/file-type"
      }
    },
    {
      "@id": "http://publications.europa.eu/resource/authority/file-type/FMX2",
      "skos:inScheme": {
        "@id": "http://publications.europa.eu/resource/authority/file-type"
      },
      "skos:topConceptOf": {
        "@id": "http://publications.europa.eu/resource/authority/file-type"
      }
    },
    {
      "@id": "http://publications.europa.eu/resource/authority/file-type/ICS",
      "skos:inScheme": {
        "@id": "http://publications.europa.eu/resource/authority/file-type"
      },
      "skos:topConceptOf": {
        "@id": "http://publications.europa.eu/resource/authority/file-type"
      }
    },
    {
      "@id": "http://publications.europa.eu/resource/authority/file-type/RDF_TURTLE",
      "skos:inScheme": {
        "@id": "http://publications.europa.eu/resource/authority/file-type"
      },
      "skos:topConceptOf": {
        "@id": "http://publications.europa.eu/resource/authority/file-type"
      }
    },
    {
      "@id": "http://publications.europa.eu/resource/authority/file-type/FMX4",
      "skos:inScheme": {
        "@id": "http://publications.europa.eu/resource/authority/file-type"
      },
      "skos:topConceptOf": {
        "@id": "http://publications.europa.eu/resource/authority/file-type"
      }
    },
    {
      "@id": "http://publications.europa.eu/resource/authority/file-type/PPTX",
      "skos:inScheme": {
        "@id": "http://publications.europa.eu/resource/authority/file-type"
      },
      "skos:topConceptOf": {
        "@id": "http://publications.europa.eu/resource/authority/file-type"
      }
    },
    {
      "@id": "http://publications.europa.eu/resource/authority/file-type/PPS",
      "skos:inScheme": {
        "@id": "http://publications.europa.eu/resource/authority/file-type"
      },
      "skos:topConceptOf": {
        "@id": "http://publications.europa.eu/resource/authority/file-type"
      }
    },
    {
      "@id": "http://publications.europa.eu/resource/authority/file-type/TAB",
      "skos:inScheme": {
        "@id": "http://publications.europa.eu/resource/authority/file-type"
      },
      "skos:topConceptOf": {
        "@id": "http://publications.europa.eu/resource/authority/file-type"
      }
    },
    {
      "@id": "http://publications.europa.eu/resource/authority/file-type/PPT",
      "skos:inScheme": {
        "@id": "http://publications.europa.eu/resource/authority/file-type"
      },
      "skos:topConceptOf": {
        "@id": "http://publications.europa.eu/resource/authority/file-type"
      }
    },
    {
      "@id": "http://publications.europa.eu/resource/authority/file-type/DTD_SGML",
      "skos:inScheme": {
        "@id": "http://publications.europa.eu/resource/authority/file-type"
      },
      "skos:topConceptOf": {
        "@id": "http://publications.europa.eu/resource/authority/file-type"
      }
    },
    {
      "@id": "http://publications.europa.eu/resource/authority/file-type/TAR_GZ",
      "skos:inScheme": {
        "@id": "http://publications.europa.eu/resource/authority/file-type"
      },
      "skos:topConceptOf": {
        "@id": "http://publications.europa.eu/resource/authority/file-type"
      }
    },
    {
      "@id": "http://publications.europa.eu/resource/authority/file-type/TAR",
      "skos:inScheme": {
        "@id": "http://publications.europa.eu/resource/authority/file-type"
      },
      "skos:topConceptOf": {
        "@id": "http://publications.europa.eu/resource/authority/file-type"
      }
    },
    {
      "@id": "http://publications.europa.eu/resource/authority/file-type/ISO",
      "skos:inScheme": {
        "@id": "http://publications.europa.eu/resource/authority/file-type"
      },
      "skos:topConceptOf": {
        "@id": "http://publications.europa.eu/resource/authority/file-type"
      }
    },
    {
      "@id": "http://publications.europa.eu/resource/authority/file-type/JS",
      "skos:inScheme": {
        "@id": "http://publications.europa.eu/resource/authority/file-type"
      },
      "skos:topConceptOf": {
        "@id": "http://publications.europa.eu/resource/authority/file-type"
      }
    },
    {
      "@id": "http://publications.europa.eu/resource/authority/file-type/RDF_N_QUADS",
      "skos:inScheme": {
        "@id": "http://publications.europa.eu/resource/authority/file-type"
      },
      "skos:topConceptOf": {
        "@id": "http://publications.europa.eu/resource/authority/file-type"
      }
    },
    {
      "@id": "http://publications.europa.eu/resource/authority/file-type/XYZ",
      "skos:inScheme": {
        "@id": "http://publications.europa.eu/resource/authority/file-type"
      },
      "skos:topConceptOf": {
        "@id": "http://publications.europa.eu/resource/authority/file-type"
      }
    },
    {
      "@id": "http://publications.europa.eu/resource/authority/file-type/MOBI",
      "skos:inScheme": {
        "@id": "http://publications.europa.eu/resource/authority/file-type"
      },
      "skos:topConceptOf": {
        "@id": "http://publications.europa.eu/resource/authority/file-type"
      }
    },
    {
      "@id": "http://publications.europa.eu/resource/authority/file-type/SGML",
      "skos:inScheme": {
        "@id": "http://publications.europa.eu/resource/authority/file-type"
      },
      "skos:topConceptOf": {
        "@id": "http://publications.europa.eu/resource/authority/file-type"
      }
    },
    {
      "@id": "http://publications.europa.eu/resource/authority/file-type/JSON",
      "skos:inScheme": {
        "@id": "http://publications.europa.eu/resource/authority/file-type"
      },
      "skos:topConceptOf": {
        "@id": "http://publications.europa.eu/resource/authority/file-type"
      }
    },
    {
      "@id": "http://publications.europa.eu/resource/authority/file-type/RDF_N_TRIPLES",
      "skos:inScheme": {
        "@id": "http://publications.europa.eu/resource/authority/file-type"
      },
      "skos:topConceptOf": {
        "@id": "http://publications.europa.eu/resource/authority/file-type"
      }
    },
    {
      "@id": "http://publications.europa.eu/resource/authority/file-type/PDF1X",
      "skos:inScheme": {
        "@id": "http://publications.europa.eu/resource/authority/file-type"
      },
      "skos:topConceptOf": {
        "@id": "http://publications.europa.eu/resource/authority/file-type"
      }
    },
    {
      "@id": "http://publications.europa.eu/resource/authority/file-type/TAR_XZ",
      "skos:inScheme": {
        "@id": "http://publications.europa.eu/resource/authority/file-type"
      },
      "skos:topConceptOf": {
        "@id": "http://publications.europa.eu/resource/authority/file-type"
      }
    },
    {
      "@id": "http://publications.europa.eu/resource/authority/file-type/PDFX",
      "skos:inScheme": {
        "@id": "http://publications.europa.eu/resource/authority/file-type"
      },
      "skos:topConceptOf": {
        "@id": "http://publications.europa.eu/resource/authority/file-type"
      }
    },
    {
      "@id": "http://publications.europa.eu/resource/authority/file-type/ARC",
      "skos:inScheme": {
        "@id": "http://publications.europa.eu/resource/authority/file-type"
      },
      "skos:topConceptOf": {
        "@id": "http://publications.europa.eu/resource/authority/file-type"
      }
    },
    {
      "@id": "http://publications.europa.eu/resource/authority/file-type/XLSM",
      "skos:inScheme": {
        "@id": "http://publications.europa.eu/resource/authority/file-type"
      },
      "skos:topConceptOf": {
        "@id": "http://publications.europa.eu/resource/authority/file-type"
      }
    },
    {
      "@id": "http://publications.europa.eu/resource/authority/file-type/XLSB",
      "skos:inScheme": {
        "@id": "http://publications.europa.eu/resource/authority/file-type"
      },
      "skos:topConceptOf": {
        "@id": "http://publications.europa.eu/resource/authority/file-type"
      }
    },
    {
      "@id": "http://publications.europa.eu/resource/authority/file-type/INDD",
      "skos:inScheme": {
        "@id": "http://publications.europa.eu/resource/authority/file-type"
      },
      "skos:topConceptOf": {
        "@id": "http://publications.europa.eu/resource/authority/file-type"
      }
    },
    {
      "@id": "http://publications.europa.eu/resource/authority/file-type/KML",
      "skos:inScheme": {
        "@id": "http://publications.europa.eu/resource/authority/file-type"
      },
      "skos:topConceptOf": {
        "@id": "http://publications.europa.eu/resource/authority/file-type"
      }
    },
    {
      "@id": "http://publications.europa.eu/resource/authority/file-type/MRSID",
      "skos:inScheme": {
        "@id": "http://publications.europa.eu/resource/authority/file-type"
      },
      "skos:topConceptOf": {
        "@id": "http://publications.europa.eu/resource/authority/file-type"
      }
    },
    {
      "@id": "http://publications.europa.eu/resource/authority/file-type/TIFF_FX",
      "skos:inScheme": {
        "@id": "http://publications.europa.eu/resource/authority/file-type"
      },
      "skos:topConceptOf": {
        "@id": "http://publications.europa.eu/resource/authority/file-type"
      }
    },
    {
      "@id": "http://publications.europa.eu/resource/authority/file-type/AZW",
      "skos:inScheme": {
        "@id": "http://publications.europa.eu/resource/authority/file-type"
      },
      "skos:topConceptOf": {
        "@id": "http://publications.europa.eu/resource/authority/file-type"
      }
    },
    {
      "@id": "http://publications.europa.eu/resource/authority/file-type/KMZ",
      "skos:inScheme": {
        "@id": "http://publications.europa.eu/resource/authority/file-type"
      },
      "skos:topConceptOf": {
        "@id": "http://publications.europa.eu/resource/authority/file-type"
      }
    },
    {
      "@id": "http://publications.europa.eu/resource/authority/file-type/OCTET",
      "skos:inScheme": {
        "@id": "http://publications.europa.eu/resource/authority/file-type"
      },
      "skos:topConceptOf": {
        "@id": "http://publications.europa.eu/resource/authority/file-type"
      }
    },
    {
      "@id": "http://publications.europa.eu/resource/authority/file-type/METS",
      "skos:inScheme": {
        "@id": "http://publications.europa.eu/resource/authority/file-type"
      },
      "skos:topConceptOf": {
        "@id": "http://publications.europa.eu/resource/authority/file-type"
      }
    },
    {
      "@id": "http://publications.europa.eu/resource/authority/file-type/SDMX",
      "skos:inScheme": {
        "@id": "http://publications.europa.eu/resource/authority/file-type"
      },
      "skos:topConceptOf": {
        "@id": "http://publications.europa.eu/resource/authority/file-type"
      }
    },
    {
      "@id": "http://publications.europa.eu/resource/authority/file-type/GMZ",
      "skos:inScheme": {
        "@id": "http://publications.europa.eu/resource/authority/file-type"
      },
      "skos:topConceptOf": {
        "@id": "http://publications.europa.eu/resource/authority/file-type"
      }
    },
    {
      "@id": "http://publications.europa.eu/resource/authority/file-type/XHTML_SIMPL",
      "skos:inScheme": {
        "@id": "http://publications.europa.eu/resource/authority/file-type"
      },
      "skos:topConceptOf": {
        "@id": "http://publications.europa.eu/resource/authority/file-type"
      }
    },
    {
      "@id": "http://publications.europa.eu/resource/authority/file-type/PDFX2A",
      "skos:inScheme": {
        "@id": "http://publications.europa.eu/resource/authority/file-type"
      },
      "skos:topConceptOf": {
        "@id": "http://publications.europa.eu/resource/authority/file-type"
      }
    },
    {
      "@id": "http://publications.europa.eu/resource/authority/file-type/DOC",
      "skos:inScheme": {
        "@id": "http://publications.europa.eu/resource/authority/file-type"
      },
      "skos:topConceptOf": {
        "@id": "http://publications.europa.eu/resource/authority/file-type"
      }
    },
    {
      "@id": "http://publications.europa.eu/resource/authority/file-type/TSV",
      "skos:inScheme": {
        "@id": "http://publications.europa.eu/resource/authority/file-type"
      },
      "skos:topConceptOf": {
        "@id": "http://publications.europa.eu/resource/authority/file-type"
      }
    },
    {
      "@id": "http://publications.europa.eu/resource/authority/file-type/GML",
      "skos:inScheme": {
        "@id": "http://publications.europa.eu/resource/authority/file-type"
      },
      "skos:topConceptOf": {
        "@id": "http://publications.europa.eu/resource/authority/file-type"
      }
    },
    {
      "@id": "http://publications.europa.eu/resource/authority/file-type/PPSX",
      "skos:inScheme": {
        "@id": "http://publications.europa.eu/resource/authority/file-type"
      },
      "skos:topConceptOf": {
        "@id": "http://publications.europa.eu/resource/authority/file-type"
      }
    },
    {
      "@id": "http://publications.europa.eu/resource/authority/file-type/MAP_PRVW",
      "skos:inScheme": {
        "@id": "http://publications.europa.eu/resource/authority/file-type"
      },
      "skos:topConceptOf": {
        "@id": "http://publications.europa.eu/resource/authority/file-type"
      }
    },
    {
      "@id": "http://publications.europa.eu/resource/authority/file-type/HDT",
      "skos:inScheme": {
        "@id": "http://publications.europa.eu/resource/authority/file-type"
      },
      "skos:topConceptOf": {
        "@id": "http://publications.europa.eu/resource/authority/file-type"
      }
    },
    {
      "@id": "http://publications.europa.eu/resource/authority/file-type/ISO_ZIP",
      "skos:inScheme": {
        "@id": "http://publications.europa.eu/resource/authority/file-type"
      },
      "skos:topConceptOf": {
        "@id": "http://publications.europa.eu/resource/authority/file-type"
      }
    },
    {
      "@id": "http://publications.europa.eu/resource/authority/file-type/WFS_SRVC",
      "skos:inScheme": {
        "@id": "http://publications.europa.eu/resource/authority/file-type"
      },
      "skos:topConceptOf": {
        "@id": "http://publications.europa.eu/resource/authority/file-type"
      }
    },
    {
      "@id": "http://publications.europa.eu/resource/authority/file-type/HDF",
      "skos:inScheme": {
        "@id": "http://publications.europa.eu/resource/authority/file-type"
      },
      "skos:topConceptOf": {
        "@id": "http://publications.europa.eu/resource/authority/file-type"
      }
    },
    {
      "@id": "http://publications.europa.eu/resource/authority/file-type/SPARQLQRES",
      "skos:inScheme": {
        "@id": "http://publications.europa.eu/resource/authority/file-type"
      },
      "skos:topConceptOf": {
        "@id": "http://publications.europa.eu/resource/authority/file-type"
      }
    },
    {
      "@id": "http://publications.europa.eu/resource/authority/file-type/HTML",
      "skos:inScheme": {
        "@id": "http://publications.europa.eu/resource/authority/file-type"
      },
      "skos:topConceptOf": {
        "@id": "http://publications.europa.eu/resource/authority/file-type"
      }
    },
    {
      "@id": "http://publications.europa.eu/resource/authority/file-type/RSS",
      "skos:inScheme": {
        "@id": "http://publications.europa.eu/resource/authority/file-type"
      },
      "skos:topConceptOf": {
        "@id": "http://publications.europa.eu/resource/authority/file-type"
      }
    },
    {
      "@id": "http://publications.europa.eu/resource/authority/file-type/PL",
      "skos:inScheme": {
        "@id": "http://publications.europa.eu/resource/authority/file-type"
      },
      "skos:topConceptOf": {
        "@id": "http://publications.europa.eu/resource/authority/file-type"
      }
    },
    {
      "@id": "http://publications.europa.eu/resource/authority/file-type/GDB",
      "skos:inScheme": {
        "@id": "http://publications.europa.eu/resource/authority/file-type"
      },
      "skos:topConceptOf": {
        "@id": "http://publications.europa.eu/resource/authority/file-type"
      }
    },
    {
      "@id": "http://publications.europa.eu/resource/authority/file-type/RDF_XML",
      "skos:inScheme": {
        "@id": "http://publications.europa.eu/resource/authority/file-type"
      },
      "skos:topConceptOf": {
        "@id": "http://publications.europa.eu/resource/authority/file-type"
      }
    },
    {
      "@id": "http://publications.europa.eu/resource/authority/file-type/PDFX1A",
      "skos:inScheme": {
        "@id": "http://publications.europa.eu/resource/authority/file-type"
      },
      "skos:topConceptOf": {
        "@id": "http://publications.europa.eu/resource/authority/file-type"
      }
    },
    {
      "@id": "http://publications.europa.eu/resource/authority/file-type/JSON_LD",
      "skos:inScheme": {
        "@id": "http://publications.europa.eu/resource/authority/file-type"
      },
      "skos:topConceptOf": {
        "@id": "http://publications.europa.eu/resource/authority/file-type"
      }
    },
    {
      "@id": "http://publications.europa.eu/resource/authority/file-type/PS",
      "skos:inScheme": {
        "@id": "http://publications.europa.eu/resource/authority/file-type"
      },
      "skos:topConceptOf": {
        "@id": "http://publications.europa.eu/resource/authority/file-type"
      }
    },
    {
      "@id": "http://publications.europa.eu/resource/authority/file-type/EPUB",
      "skos:inScheme": {
        "@id": "http://publications.europa.eu/resource/authority/file-type"
      },
      "skos:topConceptOf": {
        "@id": "http://publications.europa.eu/resource/authority/file-type"
      }
    },
    {
      "@id": "http://publications.europa.eu/resource/authority/file-type/DOCX",
      "skos:inScheme": {
        "@id": "http://publications.europa.eu/resource/authority/file-type"
      },
      "skos:topConceptOf": {
        "@id": "http://publications.europa.eu/resource/authority/file-type"
      }
    },
    {
      "@id": "http://publications.europa.eu/resource/authority/file-type/SCHEMA_XML",
      "skos:inScheme": {
        "@id": "http://publications.europa.eu/resource/authority/file-type"
      },
      "skos:topConceptOf": {
        "@id": "http://publications.europa.eu/resource/authority/file-type"
      }
    },
    {
      "@id": "http://publications.europa.eu/resource/authority/file-type/EXE",
      "skos:inScheme": {
        "@id": "http://publications.europa.eu/resource/authority/file-type"
      },
      "skos:topConceptOf": {
        "@id": "http://publications.europa.eu/resource/authority/file-type"
      }
    },
    {
      "@id": "http://publications.europa.eu/resource/authority/file-type/LEG",
      "skos:inScheme": {
        "@id": "http://publications.europa.eu/resource/authority/file-type"
      },
      "skos:topConceptOf": {
        "@id": "http://publications.europa.eu/resource/authority/file-type"
      }
    },
    {
      "@id": "http://publications.europa.eu/resource/authority/file-type/MXD",
      "skos:inScheme": {
        "@id": "http://publications.europa.eu/resource/authority/file-type"
      },
      "skos:topConceptOf": {
        "@id": "http://publications.europa.eu/resource/authority/file-type"
      }
    },
    {
      "@id": "http://publications.europa.eu/resource/authority/file-type/RDF",
      "skos:inScheme": {
        "@id": "http://publications.europa.eu/resource/authority/file-type"
      },
      "skos:topConceptOf": {
        "@id": "http://publications.europa.eu/resource/authority/file-type"
      }
    },
    {
      "@id": "http://publications.europa.eu/resource/authority/file-type/ODC",
      "skos:inScheme": {
        "@id": "http://publications.europa.eu/resource/authority/file-type"
      },
      "skos:topConceptOf": {
        "@id": "http://publications.europa.eu/resource/authority/file-type"
      }
    },
    {
      "@id": "http://publications.europa.eu/resource/authority/file-type/ODB",
      "skos:inScheme": {
        "@id": "http://publications.europa.eu/resource/authority/file-type"
      },
      "skos:topConceptOf": {
        "@id": "http://publications.europa.eu/resource/authority/file-type"
      }
    },
    {
      "@id": "http://publications.europa.eu/resource/authority/file-type/MPEG4_AVC",
      "skos:inScheme": {
        "@id": "http://publications.europa.eu/resource/authority/file-type"
      },
      "skos:topConceptOf": {
        "@id": "http://publications.europa.eu/resource/authority/file-type"
      }
    },
    {
      "@id": "http://publications.europa.eu/resource/authority/file-type/ODG",
      "skos:inScheme": {
        "@id": "http://publications.europa.eu/resource/authority/file-type"
      },
      "skos:topConceptOf": {
        "@id": "http://publications.europa.eu/resource/authority/file-type"
      }
    },
    {
      "@id": "http://publications.europa.eu/resource/authority/file-type/ODF",
      "skos:inScheme": {
        "@id": "http://publications.europa.eu/resource/authority/file-type"
      },
      "skos:topConceptOf": {
        "@id": "http://publications.europa.eu/resource/authority/file-type"
      }
    },
    {
      "@id": "http://publications.europa.eu/resource/authority/file-type/PDF",
      "skos:inScheme": {
        "@id": "http://publications.europa.eu/resource/authority/file-type"
      },
      "skos:topConceptOf": {
        "@id": "http://publications.europa.eu/resource/authority/file-type"
      }
    },
    {
      "@id": "http://publications.europa.eu/resource/authority/file-type/EPS",
      "skos:inScheme": {
        "@id": "http://publications.europa.eu/resource/authority/file-type"
      },
      "skos:topConceptOf": {
        "@id": "http://publications.europa.eu/resource/authority/file-type"
      }
    },
    {
      "@id": "http://publications.europa.eu/resource/authority/file-type/ATOM",
      "skos:inScheme": {
        "@id": "http://publications.europa.eu/resource/authority/file-type"
      },
      "skos:topConceptOf": {
        "@id": "http://publications.europa.eu/resource/authority/file-type"
      }
    },
    {
      "@id": "http://publications.europa.eu/resource/authority/file-type/PSD",
      "skos:inScheme": {
        "@id": "http://publications.europa.eu/resource/authority/file-type"
      },
      "skos:topConceptOf": {
        "@id": "http://publications.europa.eu/resource/authority/file-type"
      }
    },
    {
      "@id": "http://publications.europa.eu/resource/authority/file-type/RDFA",
      "skos:inScheme": {
        "@id": "http://publications.europa.eu/resource/authority/file-type"
      },
      "skos:topConceptOf": {
        "@id": "http://publications.europa.eu/resource/authority/file-type"
      }
    },
    {
      "@id": "http://publications.europa.eu/resource/authority/file-type/ODS",
      "skos:inScheme": {
        "@id": "http://publications.europa.eu/resource/authority/file-type"
      },
      "skos:topConceptOf": {
        "@id": "http://publications.europa.eu/resource/authority/file-type"
      }
    },
    {
      "@id": "http://publications.europa.eu/resource/authority/file-type/BITS",
      "skos:inScheme": {
        "@id": "http://publications.europa.eu/resource/authority/file-type"
      },
      "skos:topConceptOf": {
        "@id": "http://publications.europa.eu/resource/authority/file-type"
      }
    },
    {
      "@id": "http://publications.europa.eu/resource/authority/file-type/BMP",
      "skos:inScheme": {
        "@id": "http://publications.europa.eu/resource/authority/file-type"
      },
      "skos:topConceptOf": {
        "@id": "http://publications.europa.eu/resource/authority/file-type"
      }
    },
    {
      "@id": "http://publications.europa.eu/resource/authority/file-type/MOP",
      "skos:inScheme": {
        "@id": "http://publications.europa.eu/resource/authority/file-type"
      },
      "skos:topConceptOf": {
        "@id": "http://publications.europa.eu/resource/authority/file-type"
      }
    },
    {
      "@id": "http://publications.europa.eu/resource/authority/file-type/IMMC_XML",
      "skos:inScheme": {
        "@id": "http://publications.europa.eu/resource/authority/file-type"
      },
      "skos:topConceptOf": {
        "@id": "http://publications.europa.eu/resource/authority/file-type"
      }
    },
    {
      "@id": "http://publications.europa.eu/resource/authority/file-type/OP_DATPRO",
      "skos:inScheme": {
        "@id": "http://publications.europa.eu/resource/authority/file-type"
      },
      "skos:topConceptOf": {
        "@id": "http://publications.europa.eu/resource/authority/file-type"
      }
    },
    {
      "@id": "http://publications.europa.eu/resource/authority/file-type/RAR",
      "skos:inScheme": {
        "@id": "http://publications.europa.eu/resource/authority/file-type"
      },
      "skos:topConceptOf": {
        "@id": "http://publications.europa.eu/resource/authority/file-type"
      }
    },
    {
      "@id": "http://publications.europa.eu/resource/authority/file-type/PNG",
      "skos:inScheme": {
        "@id": "http://publications.europa.eu/resource/authority/file-type"
      },
      "skos:topConceptOf": {
        "@id": "http://publications.europa.eu/resource/authority/file-type"
      }
    },
    {
      "@id": "http://publications.europa.eu/resource/authority/file-type/N3",
      "skos:inScheme": {
        "@id": "http://publications.europa.eu/resource/authority/file-type"
      },
      "skos:topConceptOf": {
        "@id": "http://publications.europa.eu/resource/authority/file-type"
      }
    },
    {
      "@id": "http://publications.europa.eu/resource/authority/file-type/SHP",
      "skos:inScheme": {
        "@id": "http://publications.europa.eu/resource/authority/file-type"
      },
      "skos:topConceptOf": {
        "@id": "http://publications.europa.eu/resource/authority/file-type"
      }
    },
    {
      "@id": "http://publications.europa.eu/resource/authority/file-type/XLS",
      "skos:inScheme": {
        "@id": "http://publications.europa.eu/resource/authority/file-type"
      },
      "skos:topConceptOf": {
        "@id": "http://publications.europa.eu/resource/authority/file-type"
      }
    },
    {
      "@id": "http://publications.europa.eu/resource/authority/file-type/JPEG",
      "skos:inScheme": {
        "@id": "http://publications.europa.eu/resource/authority/file-type"
      },
      "skos:topConceptOf": {
        "@id": "http://publications.europa.eu/resource/authority/file-type"
      }
    },
    {
      "@id": "http://publications.europa.eu/resource/authority/file-type/TIFF",
      "skos:inScheme": {
        "@id": "http://publications.europa.eu/resource/authority/file-type"
      },
      "skos:topConceptOf": {
        "@id": "http://publications.europa.eu/resource/authority/file-type"
      }
    },
    {
      "@id": "http://publications.europa.eu/resource/authority/file-type/XSLFO",
      "skos:inScheme": {
        "@id": "http://publications.europa.eu/resource/authority/file-type"
      },
      "skos:topConceptOf": {
        "@id": "http://publications.europa.eu/resource/authority/file-type"
      }
    },
    {
      "@id": "http://publications.europa.eu/resource/authority/file-type/TMX",
      "skos:inScheme": {
        "@id": "http://publications.europa.eu/resource/authority/file-type"
      },
      "skos:topConceptOf": {
        "@id": "http://publications.europa.eu/resource/authority/file-type"
      }
    },
    {
      "@id": "http://publications.europa.eu/resource/authority/file-type/REST",
      "skos:inScheme": {
        "@id": "http://publications.europa.eu/resource/authority/file-type"
      },
      "skos:topConceptOf": {
        "@id": "http://publications.europa.eu/resource/authority/file-type"
      }
    },
    {
      "@id": "http://publications.europa.eu/resource/authority/file-type/NETCDF",
      "skos:inScheme": {
        "@id": "http://publications.europa.eu/resource/authority/file-type"
      },
      "skos:topConceptOf": {
        "@id": "http://publications.europa.eu/resource/authority/file-type"
      }
    },
    {
      "@id": "http://publications.europa.eu/resource/authority/file-type/PDFX4",
      "skos:inScheme": {
        "@id": "http://publications.europa.eu/resource/authority/file-type"
      },
      "skos:topConceptOf": {
        "@id": "http://publications.europa.eu/resource/authority/file-type"
      }
    },
    {
      "@id": "http://publications.europa.eu/resource/authority/file-type/WARC_GZ",
      "skos:inScheme": {
        "@id": "http://publications.europa.eu/resource/authority/file-type"
      },
      "skos:topConceptOf": {
        "@id": "http://publications.europa.eu/resource/authority/file-type"
      }
    },
    {
      "@id": "http://publications.europa.eu/resource/authority/file-type/METS_ZIP",
      "skos:inScheme": {
        "@id": "http://publications.europa.eu/resource/authority/file-type"
      },
      "skos:topConceptOf": {
        "@id": "http://publications.europa.eu/resource/authority/file-type"
      }
    },
    {
      "@id": "http://publications.europa.eu/resource/authority/file-type/ARC_GZ",
      "skos:inScheme": {
        "@id": "http://publications.europa.eu/resource/authority/file-type"
      },
      "skos:topConceptOf": {
        "@id": "http://publications.europa.eu/resource/authority/file-type"
      }
    },
    {
      "@id": "http://publications.europa.eu/resource/authority/file-type/MHTML",
      "skos:inScheme": {
        "@id": "http://publications.europa.eu/resource/authority/file-type"
      },
      "skos:topConceptOf": {
        "@id": "http://publications.europa.eu/resource/authority/file-type"
      }
    },
    {
      "@id": "http://publications.europa.eu/resource/authority/file-type/RDF_TRIG",
      "skos:inScheme": {
        "@id": "http://publications.europa.eu/resource/authority/file-type"
      },
      "skos:topConceptOf": {
        "@id": "http://publications.europa.eu/resource/authority/file-type"
      }
    },
    {
      "@id": "http://publications.europa.eu/resource/authority/file-type/QGS",
      "skos:inScheme": {
        "@id": "http://publications.europa.eu/resource/authority/file-type"
      },
      "skos:topConceptOf": {
        "@id": "http://publications.europa.eu/resource/authority/file-type"
      }
    },
    {
      "@id": "http://publications.europa.eu/resource/authority/file-type/JATS",
      "skos:inScheme": {
        "@id": "http://publications.europa.eu/resource/authority/file-type"
      },
      "skos:topConceptOf": {
        "@id": "http://publications.europa.eu/resource/authority/file-type"
      }
    }
  ]
}
